Longitude,Latitude,Carbon_biomass
39.7,-69,0.254843643
44,-64.2,0.055051433
45,-63.7,0.088603018
-115.3,-56.9,0.978017492
-85,-69.7,0.093780357
-85,-68,0.312031823
-64.5,-64.5,8.60843534
-65.2,-64,0.845190339
-63.2,-64,102.2075903
-61.8,-63.8,0.031622022
-61.3,-63.6,0.389973001
-63.5,-63.6,0.718395743
-62,-63.6,0.73403967
-65.7,-63.6,2.359467461
-54.2,-63.4,0.397757742
-61,-63.4,0.605598311
-59.8,-63.4,1.030781634
-63.7,-63.2,1.071654456
-62.6,-63.2,1.086587726
-60,-63.2,1.961939607
-58.7,-63.2,13.95763766
-66,-63.2,19.97051045
-59,-63,1.232168359
-61,-63,1.382869721
-64,-63,1.54853497
-60,-63,1.741843045
-60.8,-62.8,0.220892332
-56,-62.8,0.597197302
-62.6,-62.8,0.922619578
-59,-62.8,1.349759746
-60.3,-62.8,1.429856702
-52.5,-62.8,1.588467592
-54.2,-62.6,0.040734383
-54.2,-62.4,0.044911127
-59.5,-62.4,1.309060408
-61.3,-62.4,3.082170811
-61.5,-62.1,2.989975346
-63,-62.1,9.658400696
-50,-62,1.010453405
-56,-62,11.42764964
-58,-61.7,2.508570336
-58,-61.4,4.397471248
-63.7,-61.3,5.404502773
-45.5,-61.2,0.069058609
-54.1,-61.1,44.30575693
-44,-61,0.259338555
-47,-61,0.366787473
-51.5,-61,0.519292472
-62.5,-61,5.738100514
-64,-61,8.594873838
-49,-60.8,0.189061001
-58.7,-60.8,10.178762
-54.2,-60.5,27.43121794
-46,-60.4,0.134720971
-59,-60.4,2.506397755
-54.3,-60,11.37914
5.9955,-64.95866667,1.307059079
5.940166667,-61.02283333,0.886949435
5.974666667,-59.99466667,0.084578538
6.016333333,-59.333,0.858555685
-170,-63,1.837382319
-170,-60,2.051421396
-170,-56.5,0.615794754
-174.8,-53.2,1.26779294
175,-72,1.013210017
175,-72,0.331622328
175,-68,0.378533083
175,-68,0.236691956
165,-66.5,0.157214654
170,-63,0.63643265
-117.172,-73.932,0.789264318
-117.173,-72.43,0.199425373
-113.965,-70.917,0.286689251
-111.62,-70.717,0.477839147
-178.397,-65.38,1.121414553
-171.072,-64.593,0.32401023
-177.317,-73.363,0.04725407
-177.628,-72.948,0.161077256
-115.9705,-74.0683,0.004844533
-176.79,-72.98,0.154903965
176.228,-71.958,0.282894918
177.218,-71.522,0.156957467
177.588,-71.365,0.2763922
178.815,-71.143,0.106255702
178.9,-70.96,0.058553994
178.927,-70.66,0.075150685
179.425,-70.152,0.058343172
179.522,-69.732,0.008691726
179.252,-69.373,0.033910232
-178.493,-66.4767,0.149291283
-68.28333333,-66.21666667,0.712979994
-66.8,-65.95,0.546
-63.31666667,-64.93333333,2.007635264
-63.11666667,-64.78333333,0.159
-62.06666667,-64.38333333,0.88
-61.46666667,-63.71666667,1.871527778
-59.16666667,-62.73333333,0.597
-113.9,-73.1,2.127142683
-116.3,-72.8,1.617018502
-113.6,-72.8,1.80131267
-113.4,-72.6,0.466833383
-113.4,-72.4,0.190537802
-120.8,-71.7,1.405649137
-77.84333333,-67.755,0.040735149
-78.02833333,-66.435,0.246405198
-78.02833333,-65.045,0.040735149
-78.02666667,-63.53166667,0.325724657
-78.01833333,-62.19166667,0.654745461
-77.97333333,-60.89333333,0.634329876
-78.06666667,-59.52833333,0.654745461
-78.29,-58.09,0.494861398
-78.52833333,-56.65,0.353007379
-78.49333333,-55.18833333,0.325724657
19.505,-56.94833333,0.465817369
1.395,-55.50333333,0.353007379
0.838333333,-52.89166667,0.675276291
19.54,-51.94666667,0.281165963
1.055,-50.345,0.33477489
19.63166667,-48.75333333,0.307760132
1.291666667,-47.18666667,0.220896487
20.25333333,-45.64833333,0.427595945
20.15833333,-42.415,0.263682423
63.4833,-62.5167,5.1425946
72.4333,-61.9167,4.445783661
81.85,-61.4167,0.724948483
91.8,-60.8333,4.055268999
101.95,-60.4333,2.959285538
107.4167,-45.05,0.105621559
46.0667,-65.7167,7.53394316
75.7,-63.6833,0.125112435
75.9,-63.6833,0.401187244
102.4333,-57.7167,3.072799053
109.9833,-47.05,1.600106145
91.0833,-60.8833,3.992806569
93.6833,-60.0167,2.86174958
99.8167,-57.6667,14.36369188
40.0167,-68.1667,0.042602836
41.6333,-67.1167,1.925875949
43.35,-65.45,1.974703513
47.2833,-65.3333,1.09890871
56,-64.3333,0.756589221
56,-64.3333,6.561373381
62,-63.9,7.239360072
68.0333,-63.6,0.700039699
71.55,-63.1833,0.519174094
77.0667,-62.7333,0.600250889
80.6667,-62.4167,0.047871527
86.1333,-62.0333,0.302689896
89.9167,-61.7,1.585480669
106.6667,-60.2333,1.337476298
109.9833,-59.2167,1.469090231
109.95,-57.4,0.920882842
110,-54.8333,11.0581897
109.9667,-53.0833,6.871668739
109.9833,-50.7,3.628594294
110.0667,-48.9167,2.201494397
38.6667,-68.3833,0.216576251
43.3667,-64.6167,0.115614307
43.5667,-64.4167,0.223856183
43.8833,-64.2167,0.768721571
43.9833,-64.0333,0.48496398
44.9,-63.7,0.221252184
24.3333,-70.1667,0.0134255
23.8,-70.15,0.390862411
23.9667,-70.15,0.315234719
24.15,-70.15,0.44851236
24.3333,-70.0667,0.136604114
24.45,-70.25,1.118844267
24.1667,-70.2333,0.71355354
24.1833,-70.2333,0.57796905
23.1667,-70.1667,0.999952597
24.1833,-70.1667,1.319633773
24.1833,-70.1667,0.496277398
24.4667,-70.1667,0.711609448
24.1667,-70.15,0.779107165
24.1333,-70.1,0.801042706
108.8833,-55.5833,1.792585623
110.0833,-46.6667,2.773825887
109.1167,-55.2167,1.447096702
110,-50.7333,3.962747807
110.0167,-45.6,1.850860739
109.9333,-54.4833,0.560692093
109.9333,-49.6167,1.863242164
37.85,-64.1333,0.239659078
51.4,-63.4667,1.646371674
107.5,-55,18.24137978
110.0167,-45.7,0.299363231
107.5,-58.9667,2.680519033
109.8333,-54.6667,2.048052065
109.4,-49.75,2.143060261
70.2333,-62.55,8.01997337
100.6667,-59.1833,3.139322322
106.55,-55.3833,1.798752937
109.9,-50.3833,10.1598057
109.9,-45.45,0.612603269
76.1667,-61.4667,1.556001436
94.5667,-57.55,0.801850369
99.6333,-55.3833,1.73968918
105.8667,-60.0833,0.855893631
108.2167,-57.4667,1.392351773
110.0333,-52.3167,1.712403144
86,-59.9833,0.682021836
103.9,-59.9833,0.25452556
110.0167,-58.0167,0.518652026
110.0167,-47.7167,0.279170879
39,-62.3333,0.989710627
109.8833,-59.7333,0.639839536
109.9833,-55.0667,0.537463778
110,-46.35,2.159728698
79.9833,-61.3333,1.510986543
110.0167,-59.2667,0.384604677
110.0333,-55.8833,0.47997719
110.0667,-51.55,0.639079475
110.0667,-46.6667,0.544619459
109.7167,-60,0.468987309
109.8833,-54.9833,1.201732296
103.55,-59.15,0.762398675
109.35,-55.4667,6.071079691
110.0167,-50.5833,8.502383337
110.0333,-46.15,1.422983887
108.85,-60.05,0.849931313
109.4833,-55.8667,0.808686612
110.1,-50.8,3.864259765
110.0333,-50.7833,10.39023058
110.0333,-45.7667,0.537270286
108.5,-59.9167,0.361122893
109.5833,-55.3333,0.450045985
109.7,-49.7333,1.887245987
108.75,-59.8167,1.002576749
109.8833,-54.85,0.908117726
109.8333,-50,2.036661409
109.9167,-45.0667,0.67786305
108.3667,-59.4833,0.897978686
109.8833,-55.6,0.691109306
-52.19083333,-62.45861111,0.038270595
-48.33638889,-61.96972222,0.213615374
-53.76305556,-60.91305556,0.21448967
-52.98722222,-60.69305556,0.031304752
-52.20861111,-60.49472222,0.069773469
-42.41027778,-60.46,0.609813281
-50.26416667,-60.22805556,0.054491297
-42.47916667,-60,7.644182626
-42.49083333,-59.49333333,1.979346862
-49.75194444,-58.97333333,1.186415906
-49.79305556,-58.47055556,0.29753494
74.39983333,-68.33983333,0.122007469
73.07483333,-66.73766667,0.020977149
39.9505,-66.66216667,0.434927304
39.99933333,-66.3075,1.587192425
73.02516667,-66.27483333,0.21149429
66.39558333,-66.229,0.476690024
44.99033333,-65.99933333,2.747376557
39.95883333,-65.981,1.284031691
39.99183333,-65.332,1.32974062
65.00333333,-64.99533333,2.157031218
45.00683333,-64.67633333,0.384335675
39.992,-64.67116667,0.585966899
50.00416667,-64.32883333,2.081978539
65.02238333,-64.32616667,1.464262947
69.00411667,-64.31736667,6.760554343
59.94875,-64.31418333,0.329914137
39.96533333,-63.98516667,0.109351608
54.9915,-63.97866667,0.399634597
69.02688333,-63.3244,8.18012127
59.9895,-63.32,0.48020724
49.976,-63.30683333,0.886877782
60.00516667,-62.65616667,0.862112283
65.00351667,-62.65476667,2.022640678
45.003,-62.65416667,0.425094999
1,-52.5,2.525481003
2,-52.5,2.653895291
3.5,-51.3,4.348963896
4,-51,3.587039119
11,-50.8,2.157360043
10.5,-50.5,3.903794363
7,-50.4,4.485939137
10.5,-49.7,4.400329611
-85.2,-70.3,0.0925
-85.2,-70.3,0.196965476
-85,-69.6,0.0975
-85,-69.6,0.127662809
-85,-68.25,0.1925
-85,-68.25,0.196965476
-85,-67,0.57
-85,-67,0.601838956
-3.053,-70.003,0.371801159
3.069,-69.989,0.737425162
3.083,-69.485,1.046956973
-3.064,-69.482,0.985061938
0.028,-69.011,0.321811786
-3.029,-68.972,0.601950504
3.056,-68.943,0.314099574
0.036,-68.529,0.185365074
3.024,-68.476,0.395277908
-3.005,-68.47,0.764201339
0.07,-68.019,0.087165954
2.909,-68.002,0.307567498
-3.016,-67.971,0.238181125
0.043,-67.523,0.046334723
2.929,-67.521,0.192548907
-3.023,-67.472,0.173617772
-3.036,-66.974,0.092149705
-0.002,-66.969,0.092782784
2.881,-66.538,0.645381163
-3.056,-66.499,0.079299559
0.011,-66.47,0.192696873
-3.041,-66.024,0.094701152
-0.004,-65.971,0.335672598
-3.044,-65.52,0.169681773
-0.013,-65.518,0.161218355
3.031,-65.499,0.496415872
-3.052,-65.02,0.145523217
2.932,-65.003,0.593323666
0.024,-64.522,0.254096804
2.946,-64.516,0.515205215
-3.054,-64.509,0.067676072
-3.002,-64.032,0.169084598
2.991,-64.002,0.170977344
0.007,-63.996,0.32751211
2.9943,-63.531,0.368769971
0.024,-63.529,0.238856143
-3.021,-63.528,0.496697142
-2.984,-63.031,0.21649862
3.057,-63.008,0.354059501
0.074,-62.996,0.539419125
2.957,-62.53,0.302613652
0.021,-62.527,0.143525194
-3.009,-62.526,0.197646403
2.996,-62.031,0.442241333
-3.045,-62.023,0.275099701
2.997,-61.535,0.176320105
-3.003,-61.532,0.422785116
0.009,-61.53,0.270379827
3.029,-61.028,0.359538797
0,-61.025,0.294235179
-2.092,-61.008,0.35934739
0.035,-60.532,1.113268973
3.08,-60.514,0.719271206
-2.942,-60.501,0.565418663
0.006,-60.031,0.204838525
3.03,-60.028,1.248746167
3.051,-60.016,0.778813591
-2.932,-60.004,0.608326482
-3.328917,-70.107181,0.186707889
-2.909276,-69.543543,1.389882009
-2.946057,-69.083723,0.296122864
-2.829716,-67.92101,0.206981743
-3.054376,-66.977009,0.465110284
-2.981748,-66.014859,0.229424928
-2.999557,-65.012039,0.262800366
-3.031917,-64.51536,0.1627768
-2.976208,-63.060692,0.203615762
-2.96691,-62.003975,0.468821729
175,-57,1.615264214
175,-50,0.64420688
-63,-63,0.3
-59.5,-63,0.03363838
-57.73,-63.98,0.008140834
-59,-63.31,0.003779244
-59.18,-63.15,0.007659383
-58,-62.9,2.402914979
-58.3,-62.63,0.057311591
-56.88,-62.61,0.023357292
-56.61,-62.5,0.002346398
-58.61,-62.35,0.060097723
-57.2,-62.35,1.274712756
-57.46,-62.1,0.000746061
-115.3,-56.905,0.202966863
-115.1633,-56.0817,0.600292781
-114.87,-54.9633,0.226903465
-120.3833,-61.2333,2.49347828
-119.4833,-56.5,1.092869365
-119.9,-54.1,2.666175999
-120.2,-49.0833,1.091789423
161.8167,-47.6167,2.711574465
160.05,-45.05,1.271736428
-35.5,-74.5,1.402698942
-48,-67.5,0.34487719
73.9,-53.2,8.778099194
74.7,-52.7,4.397284212
75.5,-52.4,14.27882177
76.4,-52.2,8.778099194
77.2,-52,14.27882177
78,-51.65,4.397284212
73,-51.5,29.64461266
73.8,-51.3,10.98497591
74.6,-51.1,25.90609762
75.4,-50.9,14.93759094
76.2,-50.7,10.54030672
77,-50.5,5.928922532
-35.2,-55.2,4.088565521
-39.4,-54.4,5.287001708
-39.2,-54.35,4.122906741
-39.3,-54.2,2.883547683
-35.6,-54,1.970526277
-37.3,-53.7,3.27010562
-38.7,-53.6,2.063143651
-36.2,-53.6,5.587017938
3.733,-49.7,7.870375152
4.533,-48.883,8.954601811
5.383,-48.05,2.971300561
6.167,-47.383,2.41251252
6.817,-46.667,2.091575013
7.3,-46.317,3.576912674
7.683,-45.85,3.693272793
8.417,-45.267,0.880340245
8.783,-44.8,0.224186336
9.233,-44.417,0.661228062
9.883,-43.733,0.589457882
10.633,-43.017,0.954416975
11.3,-42.3,0.395540481
11.917,-41.65,0.653039368
12.633,-41.2,0.660282994
12.55,-41.017,1.123476818
12.717,-40.817,0.68763815
13.05,-40.4,8.100319031
13.8,-39.75,0.41206851
14.45,-39.1,0.325365891
15.267,-38.067,1.775129755
16.033,-37.167,0.114674254
17,-36,0.877597967
17.8,-35.183,1.646692534
-168.4,-66,0.912926182
-170,-63,2.981034363
-170,-60,3.231802323
-170,-56.5,1.338883144
-174.8,-53.2,0.488819776
140,-61,1.485051977
-36.833,-62,0.079339766
-36.502,-61.999,0.132843276
-37.583,-61.905,0.046209588
-35.667,-61.583,0.245488589
-36.833,-61.5,0.784283177
-36.417,-61.5,0.096640029
-34.247,-61.43,0.131914799
-34.673,-61.35,0.099142743
-37.25,-61.333,0.764386634
-36.669,-61.257,0.548672291
-36.18,-61.169,0.080135086
-35.067,-60.932,0.183894556
-36.167,-60.833,0.486347696
-15,-71,0.685961869
-15,-62,0.658821354
-15,-55,0.414359344
-15,-52,2.336718688
-53.7513,-63.9415,0.064452495
-54.195,-63.493,0.011550155
-53.3438,-62.531,0.001530043
-53.9245,-62.4798,0.002651613
-53.6613,-62.1017,0.899224815
-54.4803,-62.0932,2.623967281
-53.9977,-62.085,0.350470229
-37.5,-49.8,3.407214175
176.2027,-76.2025,0.369047619
169.8343,-75.6292,1.3625
175.5265,-72.3517,1.0625
173.0488,-72.0845,1.3125
174.104,-71.897,2.9375
174.6373,-71.3427,3.483333333
53.5,-53.5,1.790719168
58,-46,0.328047977
161.0066667,-64.49166667,0.028681707
161.7916667,-61.08666667,1.095960458
163.0133333,-58.00166667,1.278227229
162.8166667,-55.33666667,0.706283713
161.9616667,-53.26833333,0.353007379
159.5383333,-51.21333333,0.362188158
155.6466667,-46.98666667,0.212507287
-125.555,-69.94333333,0.263682423
-165.1233333,-67.32666667,0.281165963
-166.5766667,-64.855,0.109511615
-168.335,-60.935,0.634329876
-169.56,-58.64666667,0.929901203
-171.0133333,-56.50833333,1.278227229
-172.1433333,-54.49333333,0.353007379
-176.19,-52.36,0.553868952
179.7133333,-50.115,0.494861398
176.1366667,-48.635,0.380675296
172.0883333,-46.46,0.094859113
0.393333333,-59.51166667,0.094859113
0.668333333,-57.53333333,0.109511615
0.706666667,-55.14166667,0.080604107
19.57333333,-52.72333333,0.220896487
0.99,-52.485,0.583810883
19.70666667,-49.985,0.237846777
1.1,-49.55666667,0.179558356
19.93666667,-46.99833333,0.16347259
0.915,-46.485,0.187701145
20,-43.72,0.593853997
0.833333333,-43.46,0.316719466
0.651666667,-39.89833333,0.053475179
-66,-64.87,1.322081498
-65,-64.87,0.714238484
-66,-64.13,3.571141699
-64,-64.05,0.018914425
-65,-63.83,2.258912854
-63,-63.67,2.949367325
-62.4,-63.5,0.007099701
-61,-63.5,0.450591569
-59.5,-63.5,0.136265929
-61.5,-63.4,0.005923657
-61,-63.2,0.007099701
-60,-63.17,0.007099701
-59.5,-63.17,3.043612889
-59,-63.17,0.015298152
-58.44,-63.17,3.373189731
-57.7,-63.17,0.010083339
-66,-63,2.475692789
-61.5,-63,0.035915203
-58,-63,0.007099701
-64,-62.9,2.354544216
-57.7,-62.9,0.007099701
-56.2,-62.8,0.005923657
-61,-62.7,0.007099701
-60,-62.7,0.034623895
-58.7,-62.7,0.007099701
-62,-62.5,0.035778889
-59.5,-62.5,0.007099701
-58.44,-62.5,0.007099701
-58,-62.5,0.007099701
-57.6,-62.5,4.213114525
-58.7,-62.4,0.007099701
-61,-62.27,0.359786549
-58.44,-62.27,0.009168827
-65,-62.2,4.94160026
-57.6,-62.2,0.618817697
-56.2,-62.2,0.23018226
-63,-62.17,4.840536255
-60,-62.17,0.080627961
-58.5,-62.17,0.050540843
-58,-62.17,0.007099701
-56.5,-62,0.498550697
-66,-61.83,3.339960042
-64,-61.83,3.438069243
-58.5,-61.83,0.319265368
-57,-61.6,0.058875188
-60,-61.5,4.276969929
-58.5,-61.5,5.473428507
-62,-61.27,5.435255608
-59,-61.27,0.763514921
-65,-61,1.294478405
-57.6,-61,0.473847207
-56.2,-61,4.249582161
-61,-60.83,9.842824221
-63,-60.67,10.93583658
-58.44,-60.67,0.517224637
-59,-60.5,0.612373713
-59,-60.28,1.344001685
-62,-60.05,0.865153246
-60,-60,1.80922889
40.55,-67.35,2.570079878
36.6167,-67.1167,0.117704428
13.7167,-67.0833,0.417945433
12.6167,-63.35,3.098934323
12.85,-62.25,3.063652471
25.65,-67.5833,1.726685988
25.65,-67.55,2.12877549
42.65,-67.3,2.961056143
41.4667,-66.6,6.816242155
27.7833,-64.3,0.523856776
27.8333,-64.2667,0.017130449
25.7,-63.9,0.062196533
40,-61.8,0.196666546
25.9,-60.6333,0.35839694
40.2833,-59.3333,0.19677872
36.75,-58.6333,0.300499489
36.6833,-65.4667,0.559822898
36.9833,-64.2167,0.316643382
37.0667,-61.5167,0.443661845
37.1,-60.2,0.080848278
40.8667,-64.7333,0.915024648
40.8667,-64.7333,0.321867419
40.0667,-61.8333,4.656583839
40.3,-58.75,0.665047612
40.3,-58.75,0.146673054
40.4167,-56.1333,0.715968011
40.4167,-56.1333,1.307192199
43.0833,-55.0167,2.00367345
45.1,-67.6,0.747261254
46.05,-67.3167,0.013841573
44.5833,-66.3167,0.246708969
35,-65.0167,0.073254986
40.1333,-65,0.068525359
44.9167,-65,0.145354991
45.05,-62.5167,0.815835866
40.0167,-62.4833,1.531003517
35.05,-62.4667,1.99034246
34.9667,-60,0.36649579
39.9833,-60,3.739937566
45.05,-59.9667,0.510279888
48,-63.0333,0.018610326
53,-63,0.269018371
60.1,-63,0.118599612
53.45,-59.4333,0.249623845
24.8,-68.9833,0.337368255
33.6667,-66.8333,0.234613431
38.6833,-64.6167,0.013429894
42.0833,-62.5833,0.040775693
42,-59.6833,0.5153556
41.4333,-58.2833,0.347404247
24.2333,-70.25,0.028324234
24.35,-70.25,0.023187747
23.9167,-70.2333,0.040754431
33.8167,-68,0.046430613
34.4167,-68,0.063822321
34.9833,-68,0.067240759
33.2,-67.9833,0.00285977
24.45,-70.25,1.276416604
23.9833,-70.2333,0.076375227
24.0667,-70.2333,0.487384386
24.2667,-70.2333,0.032663165
23.8,-70.2167,0.041555139
24.35,-70.1833,0.046764603
24.15,-70.1667,0.006808886
24.0167,-70.15,0.610573136
23.7667,-70.1333,0.930376605
25.0333,-69.55,0.330876865
24.9667,-69.05,4.282430694
25.0333,-69,3.348761709
34.2333,-68.3667,0.148292392
32.9667,-67.9833,0.086895418
33.9667,-67.9833,0.156594948
34.95,-67.9833,0.080121161
32,-67.9667,1.65380224
29.8333,-66.9833,3.148760855
34.2167,-65.0333,4.789998687
25.0333,-64.9667,0.438158142
23.8833,-70.25,0.234326673
24.0333,-70.25,2.246985705
24,-70.2333,1.297130925
24.2,-70.2167,0.124115369
24,-70.1667,0.581470326
31.0333,-67.5,0.183901459
32.9833,-67.5,2.498500462
37.6667,-67.5,0.274064552
36.0167,-67.4833,0.984568489
37.65,-65.0167,0.638686407
37.65,-65,0.483179321
37.6667,-65,0.402508249
37.6667,-64.9833,0.3431511
24.2833,-70.25,0.109418772
24.15,-70.2333,0.365596673
41.8,-64.9833,0.500766561
45.0667,-64.95,1.366084617
44.7667,-61.1667,0.128060003
34.7167,-60.05,0.080809666
23.65,-69.45,2.386851584
24.2,-68.4167,7.628541723
27.9167,-68.05,0.196085866
59.2333,-63.9833,1.03852012
46.8167,-66.05,0.10711308
47.05,-62.6667,0.005086539
54.4,-56.05,1.003508034
37.8333,-64.15,1.268778253
38.6333,-68.35,0.380762346
38.2167,-67.2667,0.255319293
68.45,-65.7833,0.272958274
59.2,-64.9333,0.208629151
48.3167,-63.1,0.304109128
57.4333,-63.0167,0.645954868
65.7333,-63.0167,0.545926661
38.95,-66.7333,0.315628301
62.35,-62.9,0.279896552
38.9667,-67.45,3.46664661
38.8667,-66.6333,0.91656482
38.9333,-66.6,0.826716018
38.9667,-65.8,1.782253479
70.6833,-64.0167,0.211732148
60.6333,-63.9833,0.556853116
50.8,-64,0.080590718
60.95,-64,0.110683664
70.9833,-64,0.14397604
82.2667,-64,2.633989354
90.2,-63.45,6.133153654
68.9,-64,0.203397745
60.2833,-63.95,0.035900502
78.9667,-63.5167,0.325269791
68.35,-64.6167,0.110410675
51.4667,-63.9833,0.050133881
61.6167,-63.9667,0.088054536
49.9667,-64.1667,1.23671945
60.1,-64,6.420579287
74.4938,-69.27765,0.346217924
74.37346667,-69.07816667,4.662447212
74.0501,-68.89343333,2.366293055
73.46178333,-68.60488333,0.914222989
71.4295,-68.54856667,0.108108767
72.97863333,-68.02468333,0.221628452
72.91876667,-67.487,0.421364728
75.49256667,-67.24291667,0.048222874
73.80981667,-67.23988333,0.054491297
72.6,-67.2,0.029713351
73.0241,-66.9703,0.040995174
73.15556667,-66.63266667,0.14341525
75.6012,-64.98598333,0.18641551
77.97036667,-64.95661667,0.054083505
-52.26666667,-62.95,0.095023661
-44.66666667,-62.38333333,4.382711118
-56.56666667,-62.25,0.195010228
-44.68333333,-62.08333333,0.236768343
-56.86666667,-62.05,0.008751567
-53.7,-61.81666667,0.114457589
-57.2,-61.78333333,0.001241435
-44.66666667,-61.73333333,0.059936345
-44.65,-61.48333333,0.082092141
-54.33333333,-61.41666667,0.034428018
-47.16666667,-61.2,2.935632355
-44.68333333,-61.2,0.04872414
-50.35,-60.85,0.294390108
-49.56666667,-60.83333333,0.049829607
-48.76666667,-60.83333333,0.087646779
-47.96666667,-60.81666667,0.153590483
-55.01666667,-60.46666667,0.212616827
-135,-71.5,0.530411779
-115,-69,0.40086779
-115,-68,2.456913978
-37.5,-49.8,3.342478797
-48.7,-64,1.020160628
-49.3,-63.9,159.7355687
-49.9,-63.8,1.538579266
-54.9,-63.6,0.240000971
-49.4,-63.4,2.180730299
-50,-63.3,0.599079727
-49.4,-63,0.382311481
-51.5,-62.9,0.683724127
-53.5,-62.8,0.204847018
-52,-62.8,4.655170797
-51.35,-62.8,0.109465381
-54.6,-62.75,0.496585282
-52.6,-62.7,0.346810565
-50,-62.7,0.633916318
-51.3,-62.6,1.774544794
-50.4,-62.5,4.433818704
-52.6,-62.2,2.337831157
-50.5,-62.2,0.31145757
-48.6,-62.2,0.658093737
-48.7,-61.7,0.486775812
-53.5,-61.5,3.582473628
-52,-61.4,10.96724863
-51.3,-61.3,0.477507102
-50.4,-61.2,0.208498468
-53.5,-61.1,0.011278476
-54.9,-61,1.703436807
-54.9,-61,5.339640339
-50,-61,0.32545091
-49.4,-61,0.150617755
-48.7,-61,0.408910621
-55.2,-60.9,1.963647907
-54.9,-60.9,13.16024004
-54.9,-60.9,1.216683562
-54.9,-60.9,3.037465666
-54.9,-60.9,4.672454286
-54.8,-60.9,0.125473378
-54.8,-60.9,0.981069192
-53.5,-60.8,0.138729177
-52.7,-60.5,0.098004194
-51.3,-60.45,0.05592615
-55.2,-60.2,4.29088802
-54.1,-60.1,2.001581424
-55.1,-60.05,0.195112407
-51.3,-60,0.270765098
-50,-60,0.161091843
-52.7,-59.8,24.30039371
-54.9,-59.7,7.35601864
-51.5,-59.5,1.028320686
-50,-59.5,0.291228851
-48.7,-59.4,2.398280322
-52.9,-59.3,8.007730255
-52.7,-59.3,8.962159682
-48.7,-59.3,0.349410943
-53.4,-59,3.238865714
-52,-59,5.713310636
-48.7,-59,6.728481117
-50.4,-58.8,1.809242747
-49.3,-58.8,8.922546637
-52,-58.7,11.10453421
-48.7,-58.6,4.190322462
-49.2,-58.2,3.324882044
-51.2,-58,50.38503923
-49.4,-57.5,1.960312374
-50.7,-57.3,7.576193975
-50.3,-57.3,3.066353259
-49.45,-57,2.620205613
-68.5,-66.5,1.260002592
-68.15,-66.2,1.215876669
-68.27,-66.2,11.84861257
-68.22,-66.2,8.554539021
-68.2,-66.2,2.547979309
-67.2,-65.8,2.882684951
-66.15,-65.4,1.760518286
-65.15,-64.95,4.426237301
-64.4,-64.9,0.223684867
-63.9,-64.75,0.535261048
-62.55,-64.55,1.383071441
-64.8,-64.5,0.767958252
-62.85,-64.2,1.701932546
-65.3,-64.1,0.708858101
-49.9,-63.9,0.970397311
-49.83,-63.9,2.051609224
-61.6,-63.9,1.721378573
-65.7,-63.75,4.351238258
-61.1,-63.5,0.7582971
-56.75,-63.4,3.059433122
-66.15,-63.37,3.003413001
-56.8,-63.3,0.283501559
-59.75,-63.3,0.858144952
-59.1,-63.1,3.12140664
-62.2,-63.05,0.204349738
-60.6,-63,0.145029667
-60.3,-63,0.26743044
-58.45,-63,1.014403843
-66.5,-63,4.703973316
-57.3,-63,1.695874555
-57.65,-62.8,1.526828086
-59.8,-62.7,1.264705271
-56.8,-62.7,1.397660321
-55.2,-62.6,0.698115888
-59,-62.5,0.550233962
-57.95,-62.5,4.774255143
-56.7,-62.3,2.063405518
-58.1,-62.2,0.684915766
-49,-62.1,11.7548088
-56.8,-61.9,0.255543064
-54.95,-61.5,0.107127891
-54.95,-61.5,2.162405489
-54.9,-61.5,0.276362454
-55,-61.5,0.820659254
-54.98,-61.5,0.833996384
-54.95,-61.5,0.508741843
-54.95,-61.5,0.203484766
-54.75,-61.22,0.548928125
-54.7,-61,0.434322361
-55.25,-60.9,0.198549489
-55.1,-60.9,0.710374604
-55.15,-60.85,3.108400708
-55.15,-60.85,0.428221576
-55.15,-60.85,5.221692355
-55.15,-60.85,0.881539812
-55.1,-60.85,5.393479022
-55.2,-60.82,0.563609883
-50.9,-60.8,0.890493547
-48.05,-60.5,2.46178512
-46.65,-60.47,1.364231905
-50.5,-60.23,1.019856158
-51,-59.25,0.76626488
-36.3,-77.7,0.418503627
-38.5,-77.6,0.207938715
-41.3,-77.5,0.503036589
-41.5,-77.4,0.302530287
-38.4,-77.4,0.270965196
-40.96,-77.3,0.545352592
-35.2,-77.3,1.150852368
-41.5,-77.2,0.778569411
-41.1,-77.2,0.376293033
-32.9,-76.9,0.249939965
-30.6,-76.6,0.26045067
-28.7,-76,0.145086371
-30.7,-75.6,0.249939965
-27.3,-75.6,0.355203432
-24.7,-75.1,0.524190746
-24.6,-74.2,1.52424198
-24.6,-74.2,0.757338523
-24.6,-74.1,0.863543765
-20,-73,1.705915182
-18.6,-72.6,1.023068749
-16.3,-72.4,1.802166937
-15.2,-72.1,3.089232496
-13.3,-71.5,0.186965858
-13.7,-70.7,1.044356502
-12.6801,-51.2139,1.736220963
-12.6697,-51.2097,3.766144191
-12.66595,-51.1963,2.535614581
-12.157,-51.016,5.211473731
-13.00007,-50.9837,5.186904448
-39.4518,-50.8007,10.20897314
-36.99285,-50.01365,1.163908945
-38.2158,-49.9919,8.045530345
-37.6105,-49.6155,4.184072094
64,-44.3,0.922017237
62,-59,1.205536687
62,-56.5,1.737662836
62,-55,6.11643404
62,-53.5,5.039303699
62,-52,4.575356085
62,-50.5,5.11324333
62,-49,0.934153484
168.1333333,-76.53333333,1.594549333
167.9833333,-76.48333333,1.250956543
168.7,-76.48333333,1.775450083
169.55,-76.48333333,1.09726329
168.35,-76.43333333,1.360123472
168.6333333,-76.4,1.458528056
169.5,-76.4,0.749798227
168.7666667,-76.36666667,1.551436962
164,-74.7,0.285725027
158.2833,-66.65,0.013883596
157.5,-65.75,0.109048141
157.7833,-65.4667,0.055636984
149.8667,-64.75,0.033263624
148.9,-64.7167,0.058809846
143.5333,-64.7,0.251260678
138.25,-64.45,0.84887566
157.8,-62.5667,0.721116772
158.4167,-61.2,3.089724892
156,-51.5833,0.136270258
-64.9,-53.2783,0.253064827
-63.8833,-52.53,1.105304235
161.8,-59.0567,2.369879057
158.4833,-56.3333,2.874296991
160.2,-55.6,2.501504894
159.0633,-54.45,2.183890081
159.0333,-54.4333,2.013847728
158.9833,-53.775,1.129700936
166.7,-52.4333,0.272603449
162.0167,-51.15,0.549325685
162.0167,-51.0333,0.352559543
162,-49.2833,0.278852536
-39.9333,-63.0667,2.263452321
-14.5333,-63.05,0.513361952
-14.7333,-60.1667,0.4783716
-29.9167,-60.0667,1.168862653
-36.0167,-60.0167,2.710286764
-39.9,-58.9667,11.09345471
-39.9333,-56.9833,20.9431444
-40.0333,-53.0833,1.920598619
-52.0333,-52.35,3.381869458
-39.85,-50.9833,1.847218867
-179.8833,-69.05,7.847968648
160.9167,-65,10.4817246
155.25,-59.6,1.813838502
153.9667,-57.95,5.127309778
152.3167,-56.0333,6.139205499
151.1833,-54.0167,0.597593863
150.3,-51.9167,0.511440577
147.85,-47.3667,1.094535059
147.2333,-45.0167,0.32198011
91.31,-66.2783,2.178642791
23.9783,-70.325,0.084056524
23.9783,-70.325,0.104920892
20.3267,-69.7717,1.456828814
19.705,-69.3533,2.189006384
27.2283,-69.2133,0.422196823
24.7733,-68.94,1.41911471
29.175,-68.935,0.879856184
31.8083,-68.3883,0.194422222
19.9917,-68.1383,2.292178999
37.0333,-68.12,0.161603803
35.35,-68.07,0.203589943
39.6833,-68.0133,0.249303055
19.685,-66.89,0.653639011
57.7367,-66.2067,0.470898603
57.1633,-65.9867,1.143974453
56.9533,-65.67,0.423009558
20.1233,-65.5033,0.974417943
40.2233,-65.3633,0.479656717
57,-64.5,0.508127991
40.0467,-64.4033,0.299394148
20.0717,-64.2033,0.988978769
39.9833,-63.355,0.203971242
56.8183,-63.0383,0.0693051
20.0133,-62.805,1.477532819
20.0083,-61.5633,3.386890738
57.155,-61.4283,0.266544979
40.46,-61.3383,0.185352654
40.2867,-60.0683,5.806266934
57.1883,-59.9533,0.569277824
46.32,-58.61,0.240109714
56.9133,-58.2767,0.267463507
51.2667,-57.3933,2.663714596
56.9017,-56.0033,1.266762198
161.9,-69.5667,0.232363699
-62.5,-64.7,0.065926483
-36.5,-54.2,4.180376042
-36.5,-54.2,5.838986632
-110.9666667,-70.2,0.242084847
-102.9166667,-70.11666667,0.137133031
-115.0833333,-65.86666667,0.194488398
-86.88333333,-65.13333333,0.749685903
-114.8333333,-64.98333333,0.342008694
-86.88333333,-63.11666667,0.178895552
-115.2,-61.98333333,1.349643093
-114.95,-59.95,0.576102247
-114.7833333,-58.96666667,1.145212847
-115.2333333,-57.78333333,0.325013414
-35,-54.5,3.990839936
-38.5,-53.5,3.085749586
71.6,-51,12.00606813
72,-50.6,21.31118266
72.5,-50.25,19.36781361
73,-49.9,6.982953205
73.6,-49.5,31.96677399
74,-49.1,5.813637928
-179,-77.8,0.27360452
178.5,-77.8,0.627824656
178.5,-77.7,19.44546407
168.5,-77.2,0.366434624
169,-77.2,0.280933212
170.5,-77,0.337119854
179.5,-77,0.356663034
170,-76.9,0.471479217
166.5,-76.8,0.679125504
167.5,-76.8,0.442164447
170.5,-76.8,0.076706981
170.5,-76.8,0.129473567
170.5,-76.8,1.231220338
170.5,-76.8,2.565042371
172.5,-76.8,0.385977804
170,-76.75,0.989373486
-175,-76.6,0.192500323
168.5,-76.6,0.664468119
170,-76.6,0.295590597
171,-76.6,0.249175545
174,-76.6,0.417735472
174,-76.6,0.447050242
174,-76.6,0.522780064
177,-76.6,0.082325646
180,-76.6,1.109075463
170,-76.5,1.253206415
170.5,-76.5,0.495908192
170.5,-76.5,0.525222962
172,-76.5,0.300476392
-175,-76.4,0.473922114
178,-76.4,0.373763317
169,-76.2,0.351777239
-176,-75.9,0.674239709
-170,-75.7,0.620495964
-165,-75,0.373763317
176.5,-74.5,0.189568846
175,-74,0.586295399
178,-74,0.229632365
175,-73.5,0.657139426
178,-73.5,0.315133777
175,-73,0.057896671
-57,-63.2,1.747948989
-54.2,-63,0.226517198
-57,-62.8,1.668874558
-56,-62.5,4.949062025
-57.5,-62.4,4.897546502
-57.5,-62.2,2.983249197
-57.7,-62.1,0.327223769
-54.2,-62,4.760649522
-56,-61.5,38.61175203
-54.2,-61.5,100.4233804
-55,-61,9.924924245
-56,-61,16.22908772
-54.2,-61,32.82013553
0.263,-69.117,1.918145524
-0.133,-66.667,0.645989567
-0.05,-65.833,2.642038229
-0.117,-65,0.661317767
-0.067,-64.167,1.137769007
-0.002,-63.383,1.383316009
0.017,-62.517,1.205633013
0.05,-61.633,2.180662137
0.017,-60.783,1.329187561
0.005,-60.05,2.171236595
-0.033,-59.2,0.662277684
-0.017,-58.35,0.770640924
0.033,-57.467,0.82785273
0.067,-56.633,0.210295428
0.1,-55.767,0.366860971
0.017,-55,0.476904602
0.02,-54.167,1.053740978
0.067,-53,2.449322546
0.933,-52.167,1.023993369
1.9,-51.317,0.369120127
2.783,-50.5,4.901439287
3.2,-50.1,4.945907262
6.029666667,-60.42416667,0.950426129
6.019666667,-60.40933333,0.770427056
6.026,-60.40433333,0.675185212
6.005,-60.40033333,0.4693631
5.994166667,-60.39966667,0.944100072
6.1745,-60.39933333,0.928239214
5.993166667,-60.39483333,0.749219031
6.004666667,-60.3935,0.502154309
6.024666667,-60.39183333,10.17802623
6.018666667,-60.39166667,0.941084741
6.006,-60.388,0.340106388
6.007333333,-60.27783333,0.835922237
5.992666667,-60.1255,0.521707021
6.048333333,-60.02833333,1.593546706
6.018833333,-60.00983333,1.244044652
6.017833333,-60.00733333,0.570923269
5.9995,-60.0035,0.911507306
6.021,-60.003,1.209767124
6.003333333,-60.00133333,1.17254182
5.996333333,-60,3.349789188
5.992166667,-59.99983333,6.956495816
5.979666667,-59.99933333,0.667646705
6.028166667,-59.98633333,0.568956711
5.983666667,-59.87283333,1.238847372
6.0305,-59.74783333,0.8369843
6.003833333,-59.6035,0.787469018
6.0475,-59.46816667,0.40690527
6.0385,-59.34583333,1.048661922
5.990333333,-59.3435,0.582867663
6.005166667,-59.3365,0.336373778
6.004666667,-59.3315,1.560836396
6.002166667,-59.331,0.695153303
5.985,-59.3235,0.508832842
6.013,-59.32133333,0.67248345
6.009,-59.32066667,0.829212433
6.041333333,-59.3205,0.759498142
5.994166667,-56.6805,0.629767495
6.011166667,-56.50716667,1.009548259
5.942,-56.50416667,1.187687116
6.025166667,-56.5025,1.212857245
6.006333333,-56.50033333,1.277660489
6.0285,-56.49383333,2.898588812
5.998166667,-56.4905,8.568809462
6.034333333,-56.49,1.03937757
5.9745,-56.48166667,1.545462067
6.013833333,-56.47916667,3.219325666
6.021166667,-56.4725,5.292021592
6.000333333,-56.32966667,2.79415208
6.034166667,-56.17083333,1.783865264
6.011833333,-55.99816667,1.15815342
6.039833333,-55.82033333,0.913931875
6.006166667,-55.61666667,1.603342998
3.998666667,-54.3755,0.242611391
5.979833333,-53.5155,1.636171005
5.992,-52.0045,4.083415097
6.0055,-51.2095,4.198388701
5.996,-51.01533333,4.45418916
5.990833333,-51.00983333,3.686167465
5.987666667,-51.003,2.367549166
6.006666667,-51.0025,6.742262381
6.006166667,-51.00133333,4.743599893
5.995833333,-51,9.803345005
6.023166667,-50.99866667,5.412047913
5.973,-50.99716667,7.182169571
5.986833333,-50.99366667,2.737788302
6.032833333,-50.98866667,6.016531162
6.005166667,-50.5005,3.945152507
6.006,-50.43983333,3.446257771
6.003833333,-50.23883333,3.67133264
5.994666667,-50.0295,1.347059238
6.006833333,-49.8435,11.40324544
5.989666667,-49.84216667,5.663441623
5.9875,-49.83916667,8.055104802
6.0055,-49.82983333,9.954151796
6.001333333,-49.82916667,3.509334625
6.001,-49.82733333,5.882267918
5.9985,-49.82583333,4.763383296
6.002333333,-49.82533333,5.159449841
6.019,-49.824,3.795120076
6.005,-49.815,2.162102878
6.054666667,-49.01083333,6.001037701
-157.864,-75.034,0.152399069
-163.665,-75.008,0.483273792
-147.513,-74.638,0.260132971
-139.456,-74.142,0.545351769
-136.119,-74.112,0.05644914
-135.99,-74.068,0.32264799
-131.488,-74.068,0.389563945
-177.594,-73.177,0.057887845
-179.983,-72.872,0.130813148
-176.247,-72.648,3.709572632
-121.128,-72.583,0.393543198
-176.695,-72.088,0.341345551
-120.702,-71.91,0.358850322
-115.838,-74.06,0.125656814
-116.883,-73.866,0.470072507
-38,-53.7,5.006444767
-39,-53.9,5.294024893
-23.88333333,-69.98333333,0.080604107
-22.02833333,-68.16,0.080604107
-22.63833333,-66.955,0.073638945
-22.585,-66.04666667,0.116975703
-23.21666667,-64.93166667,0.171481513
-22.95,-64.20833333,0.263682423
-23.30666667,-62.73333333,0.139875253
-22.615,-61.165,0.237846777
-22.345,-59.93333333,0.047027342
-21.48,-57.45333333,0.053475179
-20.63666667,-56.69,0.073638945
-21.04333333,-55.505,0.281165963
2.078333333,-69.50333333,0.124526563
19.175,-68.82833333,0.263682423
2.27,-66.395,0.343869381
162.2933333,-65.80166667,0.246405198
19.275,-65.10833333,0.094859113
115.4466667,-63.485,0.066790508
2.745,-63.41166667,0.22934344
19.725,-61.26666667,0.298847506
115.585,-61.115,0.204177291
3.231666667,-60.695,0.195908034
165.1483333,-59.43333333,0.485145001
115.7283333,-58.81166667,0.10213804
19.76666667,-58.2,0.139875253
3.561666667,-57.19833333,0.16347259
115.8566667,-56.10333333,0.272398942
167.0716667,-55.885,0.212507287
19.655,-55.35166667,0.289982474
168.94,-53.12833333,0.179558356
115.825,-53.02333333,0.316719466
2.756666667,-52.68,1.220730378
115.8683333,-50.31833333,0.37141102
2.785,-48.97333333,0.066790508
115.745,-48.43333333,0.22934344
115.4516667,-46.02166667,0.412823338
3.163333333,-45.315,0.298847506
115.2783333,-43.155,0.080604107
2.848333333,-42.13166667,0.33477489
115.115,-40.62166667,0.047027342
2.583333333,-39.05,0.263682423
39.1167,-68.3667,0.125933477
-59.4697,-63.2646,0.036534001
-57.5378,-61.6319,0.076699896
-50.745,-61.1696,0.114571445
-54.3469,-61.1334,0.007065617
-52.2307,-60.4946,0.080036714
-47.9093,-60.187,0.361556133
-47.1678,-59.9911,0.211868371
-50.63,-63.06472222,0.448274082
-46.62138889,-62.0875,0.743505372
-45.86777778,-61.835,1.168251782
-48.09,-60.15805556,0.003468816
-170,-75,0.08887375
-165.5,-75,0.069361007
-164,-75,0.185754886
-95,-70,0.613752623
-90,-70,1.188025344
-100,-69,0.24706998
-95,-69,1.024480381
-90,-69,0.753065466
-105,-69,0.433956447
-100,-68,0.7044053
-95,-68,0.620560436
-105,-68,2.037486165
-105,-67,0.977589981
-100,-67,8.451473359
-90,-67,1.083939005
-149.9833333,-75.46666667,0.039046207
166,-75,0.4378418
172.8666667,-75,0.909734302
-177.75,-75,0.121433026
-149.9833333,-74.98333333,0.953675957
-140,-74.46666667,0.550322739
-150,-74,0.353067584
-145.0166667,-74,0.444653444
-112.1166667,-74,0.394707463
-118,-73.6,0.566011505
-113.5,-73.5,0.483869194
-149.2166667,-73.13333333,0.025927735
-120,-73.01666667,0.620911354
-140,-73,0.480911142
-115,-73,0.297010458
-112.7333333,-72.7,0.232463727
-116.5333333,-72.48333333,0.120858984
-117.8166667,-72.01666667,0.33497986
-140,-72,0.956013528
-150,-71.75,1.00246985
-146.1166667,-71.7,1.167127938
-150.0166667,-71,0.770306801
-140,-71,1.656972114
-144.9166667,-70.96666667,0.439647453
-119.9166667,-70.9,0.075735113
-120.0166667,-70.5,0.765402827
-115,-70.5,0.388288505
-150.0666667,-70.05,1.445355051
-145,-70,0.44381853
-140,-70,3.869531139
-120.0166667,-70,0.44548859
-115,-70,0.423851035
-119.9,-69,0.161108671
34.982,-67.0115,0.634825297
-120,-67,4.552287983
35.01233333,-66.6885,0.646136174
34.95466667,-64.68,0.089839563
35.009,-63.331,0.171334834
35.00783333,-62.66233333,1.668137204
39.97233333,-62.65033333,0.969900475
-0.019095,-69.597838,0.52422591
0.023854,-69.012566,0.699968285
-0.000581,-68.003737,0.319764191
3.004261,-67.9689,0.471047465
-0.016474,-67.004635,0.161066613
2.989133,-66.995871,0.337511359
2.977368,-66.012781,0.440552153
-0.002449,-66.006268,0.256369705
2.990931,-65.502351,0.727395601
-0.002919,-65.036701,0.320097401
2.998668,-64.996532,0.45823546
3.045936,-64.00952,0.210802323
-0.005912,-64.00811,0.417516892
2.99897,-62.990109,0.523249195
0.060483,-62.988556,0.327715838
-0.019536,-62.007862,0.359639345
2.997233,-62.000922,0.649288529
-0.005896,-61.00212,0.405569757
-0.002143,-60.501769,0.825098989
0.000067,-59.998347,0.294162196
-54,-61.3,3.781169452
-54,-61,6.04321312
10.083,-53.002,1.294326051
9.9961,-52.9972,0.83207635
-11.9766,-52.0075,3.939862683
10.007,-52.005,2.421214639
-8.0052,-52.002,4.156981836
10.0302,-50.9807,1.562151101
9.9866,-50.001,0.988608301
9.9942,-48.9954,2.190174059
9.9778,-47.9985,1.639335928
9.9924,-47.0079,1.905739385
10.00485,-45.9999,0.791274177
9.9842,-45.0469,0.825671861
165,-78.4,4.032979228
175,-78.2,1.164564666
180,-78,1.500151462
-175,-77.4,1.849914758
-174.5,-77.35,0.453587467
-168,-77.2,0.363160454
164,-76.6,0.363160454
-167,-76.5,0.453587467
170,-76.2,0.19478311
162.5,-76,2.459690973
-170,-75,0.363160454
-174,-74.5,0.363160454
-178.5,-72.5,1.731873769
180,-70.2,0.547398335
180,-67.5,0.949920337
-52.2,-63.8,0.0476199
-51,-63.8,0.078021004
-51,-63.5,0.108531962
-52.2,-63.4,0.03032208
-50.5,-63.2,0.163398523
-58.8,-63,0.394644523
-54.8,-62.6,0.044863529
-51,-62.6,0.195685106
-56.6,-62.5,0.413516205
-54.4,-62.5,0.011950518
-52.5,-62.3,0.021313221
-55.6,-62.2,0.251998672
-54.8,-62,1.179587538
-57.2,-61.9,0.282801309
-56.2,-61.7,0.182923698
-54,-61.7,0.306423986
-55.5,-61.5,0.149066749
-52.5,-61.5,0.417130827
-54.6,-61.4,0.005744511
-55.8,-61.2,0.121633304
-53,-61,0.560314091
-54.2,-60.7,0.1212361
-53.5,-60.6,0.749039882
-55,-60.4,0.088313134
-54,-60,0.153444639
-55.5,-59.7,0.400265043
-54.6,-59.5,0.492697372
-64.5,-63,1.0375
-59.5,-63,0.044895022
63,-45.8,5.318681273
64,-44,1.424673192
62.5,-43,2.238660372
63,-46,0.800737114
167.7833333,-76.4,0.648281543
170.7333333,-75,0.510117498
169.4833333,-74.98333333,0.377434297
172.0166667,-74.98333333,0.729274557
173.8833333,-74.98333333,0.570588096
165.4333333,-74.96666667,0.868562718
164.85,-74.91666667,1.806552231
165.1333333,-74.86666667,0.885717984
165.6,-74.85,1.018957592
166.0166667,-74.85,1.511138228
165.4833333,-74.83333333,1.280501127
169.4666667,-74.81666667,0.574128899
165.4666667,-74.8,1.067892283
164.9666667,-74.78333333,1.402283956
165.35,-74.75,1.199820813
165.7666667,-74.75,0.933669163
165.4666667,-74.7,2.008548314
166.0666667,-74.68333333,0.824869953
-61.4,-63.61,0.004206975
-60.45,-63.5,0.000347687
-61.58,-63.4,0.032513603
-60.56,-63.31,0.003265789
-61.88,-63.11,0.031283279
-60.13,-62.93,0.004057891
-59.45,-62.93,0.002009397
-62.15,-62.91,0.000105114
-62.5,-62.75,0.001708155
-62.76,-62.5,0.000201778
-60.5,-62.33,0.034596229
-61.7,-62.25,0.038380934
-59.15,-61.98,0.002960083
-60.63,-61.86,0.055042513
-58.23,-61.8,0.015052367
-59.5,-61.7,0.051218934
-59.81,-61.65,0.036308194
-58.45,-61.45,0.002189528
-60.03,-60.83,1.112933049
-44,-60.66,0.013221679
-42.95,-60.65,6.10E-05
-45,-60.5,0.003425888
-43,-60.16,0.012126599
-42,-60.16,0.757883328
-43.08,-59.85,0.002353517
-44.96,-59.73,0.100197577
-43.95,-59.71,0.124804662
-42,-59.66,0.086544921
-43,-59.23,0.04230224
-44.05,-59.21,0.022105235
-42,-59.2,0.062948945
-45,-59,0.065906921
-43,-58.73,0.311546924
-44.03,-58.71,0.040444383
-42,-58.55,0.006200842
157.1667,-45.8833,0.062010642
126.2,-64.45,0.826733574
115.2167,-64.3333,0.102896124
134.85,-64,0.490085742
136,-60.5833,1.833416477
136.4,-59.4167,0.905457992
138.2333,-56.2167,2.306323914
138.7,-55.0333,0.838775547
139.7333,-51.95,0.020798844
140.1,-50.8833,0.004780372
-99.35,-70.4233,0.11719407
-110.9333,-70.215,0.16337506
-102.9167,-70.1167,0.079777023
-95.075,-69.3217,0.522705363
-114.8333,-68.3833,0.17906503
-90.95,-67.9833,2.043000011
-115.52,-66.8767,3.565939433
-89.1133,-65.9233,9.530482095
-115.0567,-65.8483,0.325780966
-115.045,-65.84,2.831390954
-86.87,-65.1583,1.034350621
-114.7933,-64.9533,9.316899075
-114.5583,-63.7117,4.420101639
-86.9633,-63.63,0.251550415
-86.8867,-63.1083,1.310396865
-115.2783,-62.9617,0.09110246
-115.25,-61.49,6.974229393
-114.715,-60.9333,0.587362236
-114.9467,-59.9417,3.376947781
-114.66,-59.75,10.00909219
-114.7833,-58.9633,1.126879117
-115.2317,-57.79,0.502820163
-57.0667,-57.95,1.423901464
-57.0167,-57.9167,1.593587584
-61.6833,-56.05,1.462031204
-51.9167,-55.95,1.802327082
-51.8833,-55.9333,2.306088326
-51.95,-54.5167,0.282650305
-75.7833,-53.1333,1.877260325
-75.3,-52.9333,5.970311328
177.3167,-77.8,11.75533052
175.3333,-77.6,6.693821493
172.5333,-77.3167,10.97395731
168.0833,-76.5,1.41199038
168.8667,-75.4333,2.230894387
-174.6,-74.85,11.78706248
170.4833,-74.6167,3.858991628
-178.9333,-73.9,11.96833947
171.6167,-72.5333,14.6290143
178.5,-72,4.093249253
166.4,-71.0333,2.671863809
171.8333,-70.8833,3.638610424
174.55,-68.0667,5.442144209
176.3833,-65.9833,9.476558229
177.6667,-62.9833,9.274627595
75.75,-69.3033,0.992993865
74.0367,-68.7117,0.950140727
77.0833,-68.32,5.155072478
73.1,-68.3033,1.868143181
29.6167,-67.9467,0.981084307
77.035,-67.6217,0.898050943
70.55,-67.4133,1.844489894
68.955,-67.1617,1.190926579
77.1,-66.83,6.797994894
67.83,-66.6917,0.099249306
77.04,-66.5583,2.608562684
89.7133,-66.1033,2.09204052
77.0367,-65.9717,9.984992853
89.455,-65.7533,1.557337769
86.82,-65.4367,11.93641713
89.5867,-65.4133,3.107066772
90.55,-65.1033,2.408933858
91.88,-65.0217,2.605312129
77.15,-64.9917,4.183125459
91.3333,-64.7167,3.217055808
83.7733,-64.105,14.31452541
77.48,-63.8033,7.598764917
91.8717,-63.6467,0.92499635
77.425,-62.6867,2.199970245
86.3533,-62.57,3.653807394
91.6717,-61.4483,2.56654604
77.31,-61.425,1.090158377
77.355,-60.0417,0.529298696
82.3917,-60.01,1.283173734
78.0433,-59.07,0.674229942
149.5333,-66.9833,3.267684771
114.1167,-62.8667,0.110003077
-35.5,-65.5,0.148679694
-35.5,-65.5,0.179294912
-45,-65.3,0.128300465
-45,-65.3,0.174918223
-134.3333333,-61.13333333,0.607690143
-135,-56.91666667,0.267035966
-135.05,-56,0.170249988
-135,-55.01666667,0.34104649
-40.634,-62.017,0.121606508
-39.168,-61.998,0.052455559
-38.667,-61.998,0.068049806
-38.667,-61.75,0.090623231
-39.167,-61.667,0.085281568
-34.678,-60.658,0.231284671
-34.417,-60.333,0.542580013
-34.007,-60.002,0.242555667
-53.369,-62.608,0.146463875
-54.007,-62.148,0.039890297
-53.703,-62.086,0.649642476
-36.502,-62,0.01499973
-39.165,-61.998,0.090491469
-36.822,-61.998,0.022794037
-38.667,-61.997,0.465761282
-37.583,-61.905,0.015164172
-38.668,-61.752,0.050622324
-39.165,-61.667,0.024092706
-35.673,-61.588,0.047465129
-36.833,-61.5,0.716493443
-36.417,-61.498,0.76258516
-34.248,-61.428,0.035152572
-34.672,-61.35,0.020279992
-37.248,-61.332,0.216640062
-36.665,-61.255,0.404373871
-37.832,-61.25,0.445205665
-36.177,-61.168,0.655495147
-35.665,-60.927,0.373987455
-38.212,-60.917,0.616220627
-36.163,-60.832,0.870681346
-37.83,-60.665,0.725607467
-34.678,-60.657,0.781677444
-35.333,-60.583,0.749724663
-34.41,-60.335,0.319652157
-36.75,-60.255,0.629885432
-37.168,-60.21,0.351915381
-34.077,-60.023,0.412077776
-36.167,-59.672,0.204855278
-35.42,-59.592,0.516246666
-34.238,-59.587,0.331830712
-36.697,-59.415,0.522240958
-34.812,-59.252,0.612662047
-35.427,-59.083,0.115299623
-15,-71,0.815917462
-56.9,-62.4,40.6465062
-15,-62,1.044172403
-55.5,-60.83,3.288036902
-76.43333333,-71.3,0.618496363
-104.8865,-71.09166667,0.759635426
-102.3373333,-71.02,0.416715162
-93.76816667,-70.34333333,0.483723121
-76.75333333,-70.325,0.420884607
-87.22,-70.23833333,0.661246382
-77.08333333,-70.04166667,0.341583925
-80.46833333,-70.015,0.195273107
-37.5,-54.4,1.599391014
38.2,-53.6,2.133453352
-179.2798,-68.09,2.1625
-178.9153,-67.6122,1.0125
-179.8685,-67.3765,4.055851064
170.8488,-66.9447,0.75
171.3285,-66.6982,1.9125
-79.56333333,-68.3,0.080604107
-79.37,-66.04,0.109511615
-79.24166667,-64.525,0.343869381
-79.105,-62.91833333,0.380675296
-78.98,-61.45166667,0.524215673
-79.00666667,-59.92,0.187701145
-78.89666667,-58.43,0.380675296
-78.77166667,-56.935,0.22934344
-78.48666667,-55.75166667,0.204177291
100.185,-63.985,0.139875253
102.0516667,-61.245,0.343869381
104.8766667,-57.29,0.737538179
106.4316667,-54.53666667,0.779583479
-15.48,-69.82833333,0.399325513
-17.92,-68.325,0.195908034
-20.90166667,-66.00666667,0.263682423
-22.77666667,-64.27333333,0.380675296
-24.53333333,-62.54166667,0.504612259
-26.67333333,-60.59333333,0.543951959
-31.475,-57.03666667,0.380675296
-111.6666667,-66.84666667,1.289783366
-65.40833333,-61.315,0.553868952
-43.26,-61.16,0.418133892
-39.91166667,-58.55,1.095960458
-62.71333333,-58.30333333,0.343869381
-51.10333333,-57.58166667,0.307760132
-36.715,-55.93833333,0.37141102
-53.52666667,-55.68666667,0.624166034
-60.075,-55.305,0.624166034
-56.34833333,-53.03833333,0.504612259
0.403333333,-68,0.171481513
0.741666667,-67.26,0.124526563
0.2,-64.48333333,0.147667104
0.195,-61.86183333,0.10213804
19.02333333,-61.17166667,0.380675296
19.16833333,-59.29,0.16347259
19.305,-57.39833333,0.187701145
19.46,-55.365,0.33477489
19.61333333,-52.95166667,0.654745461
19.71666667,-50.325,0.171481513
19.62333333,-47.44666667,0.179558356
19.38166667,-44.57,0.475463506
12.8833,-59.8667,1.215253768
12.95,-58.4833,16.88115593
13.1167,-55.8167,14.65377333
13.4167,-54.4,1.213905619
13.4833,-51.7667,2.778380267
13.5833,-50.3667,7.007762583
13.7167,-47.6167,0.854060677
14.2667,-46.2333,0.528959269
26.5167,-57.75,0.06502568
41.5667,-55.4,0.02883536
41.0167,-55.2333,0.506844617
43.2833,-52.0667,0.560616541
43.2833,-52.0667,0.665047612
43.2833,-52.0667,0.229632902
43.2833,-52.0667,0.422914272
44.9833,-57.5167,7.965782787
45,-54.1,1.061327755
45.0167,-50.2167,0.692074185
49.4667,-55.2833,0.44613748
48.1,-51.0667,0.836932283
48.2667,-46.6667,1.29985003
42.0667,-53.65,0.313347326
42.15,-48.85,0.383579458
40.3167,-65,0.315156805
40.85,-60.65,3.399294744
39.85,-58.9,1.331021468
37.6667,-52.9333,0.672134356
46.0667,-62.1833,0.405379038
39.5667,-58.1333,0.008104375
41.7167,-56.9667,0.182545926
45.0667,-56.2333,0.117297896
46.9167,-47.75,1.097798644
141.7667,-64.0167,0.034739148
74.7833,-64,0.010157383
108.45,-64,0.073457847
149.9333,-64,0.058479794
158,-64,0.039618247
125.0167,-63.9833,5.608295928
67.1167,-63.95,0.010407223
133.2333,-63.9333,0.142665116
99.85,-63.9167,0.157170603
91.8333,-63.8833,0.101184378
83.8,-63.8667,0.030453652
157.95,-60.2833,0.656394161
150,-63,0.289068363
150,-59.6667,7.583809314
150.2333,-52.0333,0.328049377
150.15,-47.1167,0.081201952
137.3,-61.0833,2.450120112
76.6833,-61.0333,0.011320194
99.3,-61.0333,0.84813546
114.45,-61.0333,0.438419328
122.15,-61,0.781814899
144.9,-61,2.250014477
67.7167,-60.9667,0.01011729
107.0833,-60.9667,0.491277619
149.9333,-56.6,1.447887156
150.05,-47.9167,0.049750519
150.05,-47.7333,0.683659183
46.7333,-65.0667,0.315420464
150.1333,-64.7833,0.116651277
63.55,-64.35,0.070978083
133.2833,-63.95,0.099566186
84.3667,-63.5167,1.332094331
93.55,-63.5,6.102682385
123.65,-63.4833,0.183236056
102,-63.4167,6.724586984
113.05,-63.4167,0.065218063
150.2167,-56.5167,0.156174741
150.2833,-52.7833,0.360798819
75.1667,-66.0167,0.222346972
133.8667,-63.5333,0.360930182
115.8167,-63.1167,0.975846675
97.0333,-63.1,3.493997616
125.3333,-63.0167,1.254803583
105.6167,-62.9,3.094970997
148.7833,-56.1167,0.916975259
151.0833,-46.9333,0.788560213
150.3,-65.0167,5.410488535
117.6,-62.5667,1.601656474
98.7,-62.5333,8.703712856
88.7,-62.5167,0.557858115
108.85,-62.5167,1.068372251
128.3,-62.5,0.721302252
140.3167,-64.6833,0.061876596
108.9167,-64.2167,0.067965976
120.8833,-64.1167,0.029454445
148.75,-64.1167,0.041392266
131.6667,-64.05,0.060147955
83.85,-63.3833,0.074717901
70.1833,-62.9833,0.065652903
150.1,-57.5167,0.661315161
150.9667,-52.1333,0.638957245
151.3667,-47.1,0.13947792
138.9167,-64.9167,0.111251189
131.45,-63.7333,1.741609388
113.8667,-63.5333,1.263879485
92.1667,-63.45,2.671382223
103.3667,-63.45,0.272832275
123.95,-63.45,4.065911827
80.6333,-63.05,2.005680172
142.0333,-61.9667,0.174407813
143.6,-58.2167,0.344225919
145.4833,-52.7833,0.097541341
140.1,-65,0.215364469
146.9667,-64.9667,0.568681243
130.6,-64.0667,3.158171996
126.7,-63.8333,0.912878859
118.8333,-63.5,5.867472254
147.15,-60.5833,2.285054242
147,-51.5,1.32779132
140.0833,-63.5167,0.402937945
120.35,-63.5,0.893834482
131.0667,-63.4833,0.414665395
54.3167,-63.4667,0.672969457
88.9,-62.9,0.933460777
65.5833,-62.8833,0.065005657
72.15,-62.5833,0.984345429
79.9833,-61.3,1.710876677
149.9833,-60.95,0.418936455
85.4833,-59.9333,0.969499924
150,-56.4167,0.248037774
150,-45.9333,2.98052944
77.4167,-65.2333,0.39332462
128.2833,-62.9333,0.40784301
150.15,-51.9333,0.331546148
150.15,-47.8167,0.384127883
149.95,-63,1.763825949
80.0167,-61.3167,2.492384372
149.9667,-59.65,1.531950555
150.0167,-56.6,0.213576995
150.0167,-52.3,0.30009374
150.0333,-47.65,0.328785006
140.0667,-64.0167,0.276527795
150.0833,-63.9667,1.142483744
80,-61.3,0.856665557
150.0667,-60.1333,0.700766589
150.0833,-56.55,1.080892332
150.1,-51.8833,0.035104405
140.0167,-66.4667,1.603181299
130.6,-64.0167,0.354492401
150.0167,-64.0167,1.076462256
140.0333,-63.9833,0.133243208
90.2833,-63.9667,0.062236934
100.0167,-63.5667,0.417874276
110.4333,-63.25,1.251996317
139.9667,-61.0333,0.218695488
150.05,-59.2,3.351874984
150.0167,-56.2833,0.428817121
149.9833,-46.7333,0.201574894
140.05,-65.55,0.08268069
78.25,-64.7667,1.357519745
110.75,-64.0667,1.912751997
120.0667,-64.0167,1.629788937
140.05,-63.9833,0.291469563
89.2167,-63.4167,4.60005557
99.6167,-62.9333,1.250706754
150.05,-59.0667,3.270652815
131.1,-64,0.342807727
140.0167,-63.9833,0.114046385
107.7667,-63.95,0.274260497
119.9167,-63.9333,5.21768405
99.8667,-63.8333,0.809291359
150.1,-63.2,0.020755787
149.8167,-60.0333,0.542951099
149.9333,-55.2667,0.689040036
149.95,-48.4833,0.076852344
79.4833,-64.3333,0.736522795
91.7833,-64.0167,0.980657217
111.65,-64.0167,9.400411233
131.6667,-64,0.396232675
138.15,-64,0.747391889
121.7333,-63.8833,15.21769348
101.15,-63.8333,17.71212131
149.85,-63.5167,3.662932699
150.05,-56.4333,2.728286896
149.95,-51.4667,0.22636636
150.15,-46.3167,0.031892486
131.25,-64,1.010106087
121.1833,-63.9667,0.238075026
146.75,-63.9667,1.26482178
140.1667,-63.9333,1.597621209
111.1167,-63.8833,0.158699729
91.5667,-63.45,2.706769076
101.1,-63.3333,0.286222691
80.05,-61.3,0.430128924
150.0667,-60.2667,0.303237801
150.6833,-56.4167,0.910844681
150.55,-45.7167,0.001054757
139.9833,-64.3167,4.349778462
121.3833,-64.0167,7.051189977
78.4333,-63.95,13.96318129
130.75,-63.75,30.78574494
148.85,-63.6167,1.988342567
111.65,-63.5167,11.25955945
99.6,-63.3,13.08548612
89.5,-63.1333,18.21713032
149.5833,-59.8333,0.088703286
150.1,-55.55,1.012276367
149.9,-51.5833,1.45724812
150.95,-46.0333,0.028157651
130.2167,-64.0167,0.170744833
149.7833,-64.0167,0.180048155
80,-64,0.767870076
99.9667,-63.9833,0.034203915
140.2,-63.9833,0.695818585
70.8,-63.9667,9.910450856
120.35,-63.9667,0.332564881
110.35,-63.95,0.331038886
89.6,-63.7667,12.85972425
150.05,-60.0333,0.716156442
150.0167,-55.2333,0.377102663
150.0667,-49.2667,1.03001399
73.0024,-67.49883333,0.037690407
72.9931,-67.25246667,0.027949565
73.00563333,-66.8345,0.033951993
70.48643333,-66.85986667,0.063886341
67.98661667,-66.6208,0.140829067
67.85191667,-66.00413333,0.249112497
67.99601667,-65.0061,0.915771569
72.9,-65.5,0.472755298
75.5,-65,0.057975552
-130.3947222,-73.1975,0.523418888
-124.4219444,-72.76694444,0.472909785
-129.8875,-72.05555556,0.51772063
-125.8166667,-71.59916667,0.226784557
-130.1433333,-70.97694444,0.281990895
-120.0158333,-70.48472222,1.050479814
-125.7913889,-70.43861111,0.625153924
-125.9538889,-69.99583333,0.917119149
-120.1388889,-69.97055556,0.473289013
-110.1397222,-69.96805556,1.350993212
-115.2355556,-69.94083333,0.428359507
-119.8147222,-69.00583333,1.011579911
-109.9952778,-69.00527778,3.814380671
-126.0261111,-69.00027778,0.222633141
-119.9852778,-68.00611111,0.418756441
-109.9525,-68.00027778,1.585848424
-114.9972222,-67.99916667,0.0169646
-125.9802778,-67.97583333,0.879945311
-109.9891667,-67.02444444,1.580239043
-119.9686111,-67.00027778,1.452814348
-126.0166667,-65.99833333,1.907053168
-125.9880556,-64.99861111,2.40519646
-125.98,-62.985,4.072081492
-125.9972222,-62.00416667,0.690689466
-125.9880556,-61,1.041192261
-63.3,-64.9,0.651650347
-64.7,-64.9,2.088504776
-63.7,-64.9,0.400044861
-62.9,-64.6,4.579511757
-64.75,-64.5,1.303702448
-61.7,-64.3,0.681623294
-65.15,-64.1,1.163124836
-65.5,-63.8,3.133614453
-61.3,-63.7,13.06560705
-66,-63.5,0.273732864
-61.5,-63.3,0.555500582
-57.6,-63.1,0.17489916
-57.1,-63.1,0.127451068
-66.5,-63,1.873527219
-61.7,-63,0.402731947
-60.3,-62.9,0.043133621
-57.7,-62.9,0.054922351
-62,-62.7,1.00567039
-66.9,-62.6,7.170420055
-57,-62.5,0.296792711
-57.8,-62.4,0.202601233
-58.3,-62.3,0.550154206
-57,-62.2,0.276434612
-67.5,-62.15,1.273767122
-57.6,-61.65,0.198215908
-55.9,-61.1,0.309692352
-56,-61.1,2.532584067
-55,-61,3.800288068
-55.9,-61,0.87664923
-55.9,-61,2.613352598
-55.75,-60.92,0.269592037
-55.6,-60.9,1.768294034
-55.75,-60.9,1.052015072
-55.7,-60.9,0.143260049
-55.65,-60.85,0.126568505
-55.5,-60.85,0.199881949
-55.6,-60.8,2.749596789
-55.6,-60.8,0.896862203
-66.7,-60.3,0.919287008
-39.4,-55.3,2.400687726
-38.9,-54.9,4.449893966
-38.5,-54.4,6.935220209
-21.6,-71.3,0.789186819
-13.5,-71.2,0.365746864
-13.7,-71,0.93795845
-7.9,-70.5,0.113747036
-27.2,-68,2.091191047
-33.7,-67.6,1.161506977
-40.9,-67,0.429062424
-50.9,-66.4,0.418503627
-38.3523,-49.62395,3.978549397
-38.2101,-49.2098,7.358711979
62,-66.5,2.120438532
62,-65,2.581403741
62,-64,1.814976076
62,-62.5,1.737662836
62,-61,1.205536687
-34.8,-54.76,0.187137941
-34.21,-54.76,0.274660741
-33.61,-54.75,0.050133387
-35.43,-54.73,0.927331015
-35.58,-54.48,0.531715127
-34.51,-54.21,0.055319782
-35.95,-54.16,0.023230744
-34,-54.06,0.000454156
-36,-53.98,0.050168402
-36.46,-53.96,0.66908203
-35.5,-53.91,0.538290366
-38.08,-53.83,0.091632594
-36.98,-53.83,1.539739054
-37.46,-53.78,0.416888381
-35.13,-53.7,3.819021437
-38.45,-53.68,0.029388098
-36.2,-53.63,0.284635798
-37,-53.51,0.536582252
-37.75,-53.5,1.608683354
-34.75,-53.43,1.448451817
-38.25,-53.41,0.021223345
-36,-53.31,0.070517563
-38,-53.2,4.479142867
-37,-53.18,0.871952646
-39.33,-53.16,0.998096848
-35.76,-53,0.189500377
-38.25,-52.91,0.032261607
-37,-52.85,0.155506569
126.6333,-46,0.594093715
-47.1217,-65.1767,1.075613424
-52.0133,-64.9833,1.726834512
-40.67,-64.095,0.280496042
-52.1867,-63.065,2.519192489
-40.8117,-62.015,1.474409416
-56.55,-61.41,8.985900572
-40.1433,-61.145,26.62878901
-34.935,-60.7167,0.175950339
-28.5183,-60.5733,1.536667501
-38.5683,-60.33,0.263586637
-135.2833,-62.0333,3.17307456
-134.3333,-61.1333,0.077411562
-135.5167,-58.9833,2.125668401
-135.0333,-56.9333,0.642243374
-135,-56.9167,2.417115117
-135.05,-56,0.335891932
-135,-55.0167,0.570332792
-22.3167,-55.8333,3.155629152
161.42,-66.95,3.880170733
92.7367,-66.5267,1.825768529
129.7333,-66.3583,1.852679448
162.15,-66.265,2.692468997
94.4333,-66.26,0.584555481
93.8833,-66.2417,2.373833318
128.415,-66.1283,2.266766263
124.025,-66.0417,1.447838558
108.4317,-65.9017,2.269794195
111.6667,-65.8683,1.720057569
94.5133,-65.8583,2.707809835
162.5967,-65.7017,5.786322801
125.3867,-65.6083,1.891611891
93.9333,-65.45,0.341935868
121.025,-65.3883,2.438265495
109.9417,-65.3133,0.350352272
149.86,-65.1683,1.466965855
111.4,-65.105,0.329242562
144.6,-65.02,0.878068855
162.2333,-64.8833,2.290969991
115.02,-64.8767,0.72546389
132.5,-64.8633,0.488783095
141.0833,-64.8533,1.837295855
103.4,-64.7167,1.527176106
107.1783,-64.635,0.467794127
96.8617,-64.5933,0.524215806
115.9167,-64.3533,0.612961625
120,-64.2617,0.286280716
99.2,-64.2417,2.360308949
100.955,-64.2167,2.089890545
102.5667,-64.2167,0.874492283
138.4033,-64.15,0.125267227
95.7417,-64.1367,1.098758432
161.9867,-64.05,2.224300252
97.5,-63.9517,0.287367966
117.3517,-63.7033,0.182532182
161.7333,-62.1733,0.308966483
160.9467,-61.3733,0.276462455
158.5883,-59.8517,0.732850973
26.6267,-64.025,0.953489634
22.1033,-61.5133,2.679897583
20,-60.02,2.975006496
20.235,-58.0833,2.054929404
19.88,-55.9833,1.318944183
20.18,-53.9817,7.277307956
62.3233,-52.755,0.63649001
53.4967,-52.3017,0.270542195
47.54,-52.05,0.563486959
20.43,-51.94,1.777850581
20.4667,-50.9667,1.557337769
19.9517,-50.0533,1.492743836
41.355,-49.8217,0.420977206
19.99,-49.11,0.800586322
37.9033,-46.9567,0.137017831
19.9733,-45.18,0.652342152
34.9917,-45.0983,0.475679258
165.1167,-69.5167,0.876638533
165.1167,-68.8667,0.042113762
165.1333,-68,4.216696866
165.8,-65.1333,0.318599085
165.7167,-63.7667,1.609898141
165.9667,-60.05,0.40948508
165.9667,-59.25,0.475878269
166.3167,-58.5333,0.050573835
166.1667,-54.0167,1.081029329
166.2,-52.3167,1.086715031
166.35,-49.1333,0.101195901
166.4833,-46.2,0.464688832
165.8333,-46.1667,0.137017831